,hash,n,m,k,t,n_flips,method,runtime,cf,file_name,internal_time,num_ones_ground,num_ones_noisy,num_zeros_ground,num_zeros_noisy,s,simNo,termination_condition,avg_node_time,model_preparation_time,n_nodes,optimization_time
0,7932191,20,20,130.0,260.0,0,PhISCS_I_,0.5806379318237305,1.0,simNo_37-s_10-m_20-n_20.SC.ground,0.18560528755187988,136,6,264,394,10,37,optimality,,,,
1,7932191,20,20,130.0,260.0,0,BnB_SemiDynamicLPBounding_None_True_Gurobi_-1_True_True,0.4446244239807129,1.0,simNo_37-s_10-m_20-n_20.SC.ground,0.0006680488586425781,136,6,264,394,10,37,optimality,0.0006680488586425781,0.3287382125854492,1,0.10588908195495605
2,6254993,20,20,130.0,260.0,0,PhISCS_I_,0.4202282428741455,1.0,simNo_89-s_10-m_20-n_20.SC.ground,0.011168718338012695,130,0,270,400,10,89,optimality,,,,
3,6254993,20,20,130.0,260.0,0,BnB_SemiDynamicLPBounding_None_True_Gurobi_-1_True_True,0.462843656539917,1.0,simNo_89-s_10-m_20-n_20.SC.ground,0.00038886070251464844,130,0,270,400,10,89,optimality,0.00038886070251464844,0.3570742607116699,1,0.10432577133178711
4,6254993,20,20,130.0,260.0,0,PhISCS_I_,0.42705488204956055,1.0,simNo_96-s_10-m_20-n_20.SC.ground,0.010010719299316406,130,0,270,400,10,96,optimality,,,,
5,6254993,20,20,130.0,260.0,0,BnB_SemiDynamicLPBounding_None_True_Gurobi_-1_True_True,0.4488344192504883,1.0,simNo_96-s_10-m_20-n_20.SC.ground,0.0003898143768310547,130,0,270,400,10,96,optimality,0.0003898143768310547,0.3541879653930664,1,0.0932321548461914
6,6938833,20,20,130.0,260.0,2,PhISCS_I_,0.6166551113128662,1.0,simNo_99-s_10-m_20-n_20.SC.ground,0.17987298965454102,145,15,255,385,10,99,optimality,,,,
7,6938833,20,20,130.0,260.0,2,BnB_SemiDynamicLPBounding_None_True_Gurobi_-1_True_True,0.47945141792297363,1.0,simNo_99-s_10-m_20-n_20.SC.ground,0.022771358489990234,145,15,255,385,10,99,optimality,0.007590452829996745,0.3595609664916992,3,0.1118006706237793
